Descrizione,Anno,Retribuzione/Reddito,Aliquota di computo (%),Contribuzione nell'anno,Montante Contributivo
Lavoratori dipendenti,2021,"€ 10.389,00","33,00","€ 3.428,37","€ 3.428,37"
Lavoratori dipendenti,2022,"€ 22.077,00","33,00","€ 7.285,41","€ 10.747,23"
Lavoratori dipendenti,2023,"€ 23.407,00","33,00","€ 7.724,31","€ 18.719,60"
Lavoratori dipendenti,2024,"€ 26.287,00","33,00","€ 8.674,71","€ 28.079,86"
Lavoratori dipendenti,2025,"€ 27.141,00","33,00","€ 8.956,53","€ 38.172,08"
Lavoratori dipendenti,2026,"€ 27.141,00","33,00","€ 8.956,53","€ 48.912,59"
Lavoratori dipendenti,2027,"€ 27.548,12","33,00","€ 9.090,88","€ 59.415,82"
Lavoratori dipendenti,2028,"€ 27.961,34","33,00","€ 9.227,24","€ 69.617,89"
Lavoratori dipendenti,2029,"€ 28.380,76","33,00","€ 9.365,65","€ 79.437,87"
Lavoratori dipendenti,2030,"€ 28.806,47","33,00","€ 9.506,13","€ 89.438,90"
Lavoratori dipendenti,2031,"€ 29.238,57","33,00","€ 9.648,73","€ 99.598,50"
Lavoratori dipendenti,2032,"€ 29.677,14","33,00","€ 9.793,46","€ 109.896,52"
Lavoratori dipendenti,2033,"€ 30.122,30","33,00","€ 9.940,36","€ 120.366,92"
Lavoratori dipendenti,2034,"€ 30.574,14","33,00","€ 10.089,46","€ 130.985,99"
Lavoratori dipendenti,2035,"€ 31.032,75","33,00","€ 10.240,81","€ 141.776,94"
Lavoratori dipendenti,2036,"€ 31.498,24","33,00","€ 10.394,42","€ 152.738,47"
Lavoratori dipendenti,2037,"€ 31.970,71","33,00","€ 10.550,33","€ 163.899,76"
Lavoratori dipendenti,2038,"€ 32.450,27","33,00","€ 10.708,59","€ 175.263,95"
Lavoratori dipendenti,2039,"€ 32.937,03","33,00","€ 10.869,22","€ 186.834,22"
Lavoratori dipendenti,2040,"€ 33.431,08","33,00","€ 11.032,26","€ 198.613,81"
Lavoratori dipendenti,2041,"€ 33.932,55","33,00","€ 11.197,74","€ 210.606,01"
Lavoratori dipendenti,2042,"€ 34.441,54","33,00","€ 11.365,71","€ 222.898,38"
Lavoratori dipendenti,2043,"€ 34.958,16","33,00","€ 11.536,19","€ 235.504,49"
Lavoratori dipendenti,2044,"€ 35.482,53","33,00","€ 11.709,24","€ 248.438,35"
Lavoratori dipendenti,2045,"€ 36.014,77","33,00","€ 11.884,87","€ 261.714,48"
Lavoratori dipendenti,2046,"€ 36.554,99","33,00","€ 12.063,15","€ 275.347,91"
Lavoratori dipendenti,2047,"€ 37.103,32","33,00","€ 12.244,09","€ 289.354,23"
Lavoratori dipendenti,2048,"€ 37.659,87","33,00","€ 12.427,76","€ 303.749,30"
Lavoratori dipendenti,2049,"€ 38.224,76","33,00","€ 12.614,17","€ 318.550,17"
Lavoratori dipendenti,2050,"€ 38.798,13","33,00","€ 12.803,38","€ 333.774,53"
Lavoratori dipendenti,2051,"€ 39.380,11","33,00","€ 12.995,44","€ 349.440,16"
Lavoratori dipendenti,2052,"€ 39.970,81","33,00","€ 13.190,37","€ 365.495,94"
Lavoratori dipendenti,2053,"€ 40.570,37","33,00","€ 13.388,22","€ 381.954,33"
Lavoratori dipendenti,2054,"€ 41.178,93","33,00","€ 13.589,05","€ 398.828,18"
Lavoratori dipendenti,2055,"€ 41.796,61","33,00","€ 13.792,88","€ 416.130,75"
Lavoratori dipendenti,2056,"€ 42.423,56","33,00","€ 13.999,77","€ 433.875,70"
Lavoratori dipendenti,2057,"€ 43.059,91","33,00","€ 14.209,77","€ 451.990,35"
Lavoratori dipendenti,2058,"€ 43.705,81","33,00","€ 14.422,92","€ 470.481,18"
Lavoratori dipendenti,2059,"€ 44.361,40","33,00","€ 14.639,26","€ 489.354,78"
Lavoratori dipendenti,2060,"€ 45.026,82","33,00","€ 14.858,85","€ 508.617,82"
Lavoratori dipendenti,2061,"€ 45.702,22","33,00","€ 15.081,73","€ 528.277,11"
Lavoratori dipendenti,2062,"€ 46.387,75","33,00","€ 15.307,96","€ 548.233,91"
Lavoratori dipendenti,2063,"€ 47.083,57","33,00","€ 15.537,58","€ 568.486,30"
Lavoratori dipendenti,2064,"€ 47.789,82","33,00","€ 15.770,64","€ 589.032,23"
Lavoratori dipendenti,2065,"€ 48.506,67","33,00","€ 16.007,20","€ 609.869,49"
Lavoratori dipendenti,2066,"€ 49.234,27","33,00","€ 16.247,31","€ 630.995,76"
Lavoratori dipendenti,2067,"€ 49.972,79","33,00","€ 16.491,02","€ 652.408,54"
Lavoratori dipendenti,2068,"€ 50.722,38","33,00","€ 16.738,38","€ 674.105,23"
